feature,importance
lag_1,61.84856585241637
roll_mean_24,25.99827579303433
lag_24,5.8761449619874675
lag_168,3.255968439800088
temperature,1.2099121678141442
hour,0.6858789300388433
roll_std_24,0.5853195544573779
precipitation,0.4216881785254615
wind_speed,0.06667769923567825
month,0.0352206819909652
weekday,0.014998306234188574
is_weekend,0.0013494344651410351
