,rmse,mae,mape
Naive Model,0.7905694150420949,0.75,1.3276434329065907
